{"cameraMode":{"drawMode":0,"name":"Shaded","section":"Shading Mode"},"sceneLighting":true,"audioPlay":false,"sceneViewState":{"m_AlwaysRefresh":false,"showFog":true,"showSkybox":true,"showFlares":true,"showImageEffects":true,"showParticleSystems":true,"showVisualEffectGraphs":true,"m_FxEnabled":false},"in2DMode":false,"pivot":{"x":-6.304960250854492,"y":-2.1717112064361574,"z":-1.1342506408691407},"rotation":{"x":-0.021299662068486215,"y":-0.02789270505309105,"z":0.0005943849682807922,"w":-0.9993882179260254},"size":1.4948241710662842,"orthographic":false}