{"cameraMode":{"drawMode":0,"name":"Shaded","section":"Shading Mode"},"sceneLighting":false,"audioPlay":false,"sceneViewState":{"m_AlwaysRefresh":false,"showFog":true,"showSkybox":false,"showFlares":true,"showImageEffects":true,"showParticleSystems":true,"showVisualEffectGraphs":true,"m_FxEnabled":false},"in2DMode":false,"pivot":{"x":-0.3622683584690094,"y":-1.0414564609527588,"z":0.02637774869799614},"rotation":{"x":0.539573609828949,"y":-0.43029049038887026,"z":0.37510284781455996,"w":0.6189253330230713},"size":1.1660256385803223,"orthographic":false}